Item,Image,Price (€),Neighborhood,Zipcode,Link
17×Jeggings Leggings Peppa Minnie Elsa Mädchen 110/116 H&M z.T,"<img src=""https://i.ebayimg.com/00/s/MTIwMFgxNjAw/z/PjUAAOSwySNgKuEB/$_2.JPG"" style=""max-height:124px;""></img>",40,Reinickendorf,13435,https://www.ebay-kleinanzeigen.de/s-anzeige/17-jeggings-leggings-peppa-minnie-elsa-maedchen-110-116-h-m-z-t/1669053066-22-3457
Peppa Pig Rucksack rosa Kindergarten,"<img src=""https://i.ebayimg.com/00/s/MTYwMFgxMjAw/z/x2UAAOSwcM5gKpeX/$_2.JPG"" style=""max-height:124px;""></img>",10,Pankow,13189,https://www.ebay-kleinanzeigen.de/s-anzeige/peppa-pig-rucksack-rosa-kindergarten/1668720079-18-3472
Bekleidungspaket Set Mädchen 122/128 H&M Peppa Wutz und Barbies,"<img src=""https://i.ebayimg.com/00/s/MTIwMFgxNjAw/z/i1wAAOSwpKJgKoLB/$_2.JPG"" style=""max-height:124px;""></img>",35,Hellersdorf,12619,https://www.ebay-kleinanzeigen.de/s-anzeige/bekleidungspaket-set-maedchen-122-128-h-m-peppa-wutz-und-barbies/1668612850-22-3511
Peppa Wutz Big Spielhaus,"<img src=""https://i.ebayimg.com/00/s/MTYwMFg3MjE=/z/D7kAAOSwADVgKoB3/$_2.JPG"" style=""max-height:124px;""></img>",25,Tempelhof,12305,https://www.ebay-kleinanzeigen.de/s-anzeige/peppa-wutz-big-spielhaus/1668589343-23-3410
Vtech peppa Wutz Uhr,"<img src=""https://i.ebayimg.com/00/s/MTYwMFgxMjAw/z/EVEAAOSwkztgKn9B/$_2.JPG"" style=""max-height:124px;""></img>",11,Tempelhof,12099,https://www.ebay-kleinanzeigen.de/s-anzeige/vtech-peppa-wutz-uhr/1668582703-23-3409
Peppa Pig First Look and Find Board book Buch Englisch eOne,"<img src=""https://i.ebayimg.com/00/s/MTYwMFgxMjAw/z/B3IAAOSwmZBgKlWi/$_2.JPG"" style=""max-height:124px;""></img>",10,Mitte,10117,https://www.ebay-kleinanzeigen.de/s-anzeige/peppa-pig-first-look-and-find-board-book-buch-englisch-eone/1668360774-76-3520
Peppa pig kleid,"<img src=""https://i.ebayimg.com/00/s/MTYwMFg3Mzg=/z/3ncAAOSw-IlgKjwh/$_2.JPG"" style=""max-height:124px;""></img>",10,Neukölln,12057,https://www.ebay-kleinanzeigen.de/s-anzeige/peppa-pig-kleid/1668237029-22-9633
Peppa Pig Bettwäsche 135x200 50x70,"<img src=""https://i.ebayimg.com/00/s/MTYwMFgxMjAx/z/jM4AAOSw7sdgKjW6/$_2.JPG"" style=""max-height:124px;""></img>",10,Neukölln,12057,https://www.ebay-kleinanzeigen.de/s-anzeige/peppa-pig-bettwaesche-135x200-50x70/1668211932-90-9633
Peppa Wutz Figuren,"<img src=""https://i.ebayimg.com/00/s/MTYwMFgxMTk3/z/eogAAOSwtBNgKjQb/$_2.JPG"" style=""max-height:124px;""></img>",5,Prenzlauer Berg,10407,https://www.ebay-kleinanzeigen.de/s-anzeige/peppa-wutz-figuren/1668206550-23-3493
10 Bücher für Kleinkinder Peppa fühlen Steiff Töpfchen Set,"<img src=""https://i.ebayimg.com/00/s/NzMzWDE2MDA=/z/dzUAAOSwKVBgKX8s/$_2.JPG"" style=""max-height:124px;""></img>",10,Spandau,13589,https://www.ebay-kleinanzeigen.de/s-anzeige/10-buecher-fuer-kleinkinder-peppa-fuehlen-steiff-toepfchen-set/1668010355-76-3437
Peppa Wutz Ballerina,"<img src=""https://i.ebayimg.com/00/s/MTYwMFgxMjAw/z/Dn8AAOSwAqhgKUpZ/$_2.JPG"" style=""max-height:124px;""></img>",5,Lichtenberg,10369,https://www.ebay-kleinanzeigen.de/s-anzeige/peppa-wutz-ballerina/1667726871-19-3546
Peppa Wutz Frühstückstasche,"<img src=""https://i.ebayimg.com/00/s/MTYwMFg3Mzk=/z/YSsAAOSwYcJgKUhT/$_2.JPG"" style=""max-height:124px;""></img>",10,Köpenick,12555,https://www.ebay-kleinanzeigen.de/s-anzeige/peppa-wutz-fruehstueckstasche/1667711660-258-3365
Peppa Wutz,"<img src=""https://i.ebayimg.com/00/s/MTIwMFgxNjAw/z/UuUAAOSwjDBgKUNH/$_2.JPG"" style=""max-height:124px;""></img>",15,Köpenick,12555,https://www.ebay-kleinanzeigen.de/s-anzeige/peppa-wutz/1667677092-22-3365
Peppa wutz Wohnwagen,"<img src=""https://i.ebayimg.com/00/s/MTIwMFgxNjAw/z/USYAAOSwkSZgKRe~/$_2.JPG"" style=""max-height:124px;""></img>",15,Kreuzberg,10997,https://www.ebay-kleinanzeigen.de/s-anzeige/peppa-wutz-wohnwagen/1667388663-23-3401
Kinderbücher Bobo Peppa Leo Bücher,"<img src=""https://i.ebayimg.com/00/s/OTcwWDEzNTY=/z/QjgAAOSw~UJgKQoe/$_2.JPG"" style=""max-height:124px;""></img>",2,Tempelhof,12349,https://www.ebay-kleinanzeigen.de/s-anzeige/kinderbuecher-bobo-peppa-leo-buecher/1667290322-76-3403
2 T-Shirts Paw Patrol und Peppa Wutz,"<img src=""https://i.ebayimg.com/00/s/OTAxWDE0MTM=/z/NwgAAOSw3RlgKPT4/$_2.JPG"" style=""max-height:124px;""></img>",3,Hellersdorf,12619,https://www.ebay-kleinanzeigen.de/s-anzeige/2-t-shirts-paw-patrol-und-peppa-wutz/1667130260-22-3511
*RESERVIERT für Eli* Peppa Wutz /Pig Stickerbuch und Zeitung*NEU*,"<img src=""https://i.ebayimg.com/00/s/MTYwMFgxNTAy/z/lC4AAOSwAjlgKNVl/$_2.JPG"" style=""max-height:124px;""></img>",4,Spandau,13583,https://www.ebay-kleinanzeigen.de/s-anzeige/-reserviert-fuer-eli-peppa-wutz-pig-stickerbuch-und-zeitung-neu-/1666980815-23-3440
❤️ Peppa Pig Kleid Gr. 116 ❤️,"<img src=""https://i.ebayimg.com/00/s/MTYwMFgxMjAw/z/ICwAAOSwatdgKBkq/$_2.JPG"" style=""max-height:124px;""></img>",9,Lichtenberg,10318,https://www.ebay-kleinanzeigen.de/s-anzeige/-peppa-pig-kleid-gr-116-/1666730564-22-9681
11 kinderbücher peppa Pumuckl tabaluga blinky Bill ernie Bert,"<img src=""https://i.ebayimg.com/00/s/NzQxWDc0Ng==/z/Ne0AAOSwvaJgJ-Uy/$_2.JPG"" style=""max-height:124px;""></img>",5,Friedrichshain,10245,https://www.ebay-kleinanzeigen.de/s-anzeige/11-kinderbuecher-peppa-pumuckl-tabaluga-blinky-bill-ernie-bert/1666433294-76-3352
Peppa Wutz Spielfiguren,"<img src=""https://i.ebayimg.com/00/s/NTU0WDczOA==/z/qGUAAOSwgKpgJ8iD/$_2.JPG"" style=""max-height:124px;""></img>",10,Weissensee,13088,https://www.ebay-kleinanzeigen.de/s-anzeige/peppa-wutz-spielfiguren/1666241653-23-3477
Peppa Wutz rotes Cabrio,"<img src=""https://i.ebayimg.com/00/s/MTIzMlg3Mzg=/z/B74AAOSw0kdgJ8eJ/$_2.JPG"" style=""max-height:124px;""></img>",10,Weissensee,13088,https://www.ebay-kleinanzeigen.de/s-anzeige/peppa-wutz-rotes-cabrio/1666238804-23-3477
"20 Teile mit Peppa Pig, Die Eiskönigin, Meine Freundin Conni","<img src=""https://i.ebayimg.com/00/s/MTU5OFgxMTk4/z/rTQAAOSwpTFgJ71L/$_2.JPG"" style=""max-height:124px;""></img>",15,Steglitz,12169,https://www.ebay-kleinanzeigen.de/s-anzeige/20-teile-mit-peppa-pig-die-eiskoenigin-meine-freundin-conni/1666169971-23-3420
Peppa Wutz Geburtstagdeko,"<img src=""https://i.ebayimg.com/00/s/MTYwMFgxMjAw/z/0~gAAOSwh4BgJ76a/$_2.JPG"" style=""max-height:124px;""></img>",12,Hellersdorf,12627,https://www.ebay-kleinanzeigen.de/s-anzeige/peppa-wutz-geburtstagdeko/1666179950-18-3514
VTech Storio Peppa Pig Wutz französisch Eiskönigin Anna deutsch,"<img src=""https://i.ebayimg.com/00/s/NzIxWDk2MA==/z/1ZIAAOSwLGpgKTXB/$_2.JPG"" style=""max-height:124px;""></img>",1,Köpenick,12555,https://www.ebay-kleinanzeigen.de/s-anzeige/vtech-storio-peppa-pig-wutz-franzoesisch-eiskoenigin-anna-deutsch/1666146058-23-3365
DVD Peppa Wuts Peppa Pig Englisch Nick,"<img src=""https://i.ebayimg.com/00/s/MTYwMFgxMjAw/z/BrMAAOSw-i1gJlrb/$_2.JPG"" style=""max-height:124px;""></img>",3,Prenzlauer Berg,10407,https://www.ebay-kleinanzeigen.de/s-anzeige/dvd-peppa-wuts-peppa-pig-englisch-nick/1665084702-79-3493
"Verschiedene Peppa Pig  Figuren 1,50 € *neu*","<img src=""https://i.ebayimg.com/00/s/MTMzNFg3NTA=/z/YLIAAOSwc4xgJZrH/$_2.JPG"" style=""max-height:124px;""></img>",2,Treptow,12437,https://www.ebay-kleinanzeigen.de/s-anzeige/verschiedene-peppa-pig-figuren-1-50-neu-/1664821277-23-3481
Peppa Wutz Spiel & 2 erste Spiele 3-7 Jahre,"<img src=""https://i.ebayimg.com/00/s/NzIwWDk2MA==/z/PR8AAOSwtsRgJT65/$_2.JPG"" style=""max-height:124px;""></img>",8,Schöneberg,10827,https://www.ebay-kleinanzeigen.de/s-anzeige/peppa-wutz-spiel-2-erste-spiele-3-7-jahre/1664461132-23-3447
Kuscheltiere peppa Wutz baymax Paw patrol,"<img src=""https://i.ebayimg.com/00/s/MTA3NVgxNTAw/z/6g0AAOSwf-5gJTRa/$_2.JPG"" style=""max-height:124px;""></img>",5,Neukölln,12357,https://www.ebay-kleinanzeigen.de/s-anzeige/kuscheltiere-peppa-wutz-baymax-paw-patrol/1664418922-23-9637
"Paket/ Kinder Bekleidung Crocs, peppa Mütze.","<img src=""https://i.ebayimg.com/00/s/MTYwMFgxMjAw/z/dFcAAOSwre9gJREw/$_2.JPG"" style=""max-height:124px;""></img>",10,Tempelhof,12099,https://www.ebay-kleinanzeigen.de/s-anzeige/paket-kinder-bekleidung-crocs-peppa-muetze-/1664272144-22-3409
Paw Patrol Pudding Ei Sammelfiguren Sam Peppa Schlumpf PJ Dragon,"<img src=""https://i.ebayimg.com/00/s/Nzc4WDE2MDA=/z/m4UAAOSwUJtgJAg7/$_2.JPG"" style=""max-height:124px;""></img>",1,Tempelhof,12105,https://www.ebay-kleinanzeigen.de/s-anzeige/paw-patrol-pudding-ei-sammelfiguren-sam-peppa-schlumpf-pj-dragon/1663729093-23-3408
Peppa Wutz Buch Ein Tag im Kindergarten,"<img src=""https://i.ebayimg.com/00/s/MTQ0OVgxNjAw/z/uJMAAOSw-5dgI6jE/$_2.JPG"" style=""max-height:124px;""></img>",3,Steglitz,12247,https://www.ebay-kleinanzeigen.de/s-anzeige/peppa-wutz-buch-ein-tag-im-kindergarten/1663278249-76-3424
Peppa Wutz Kleid und Langarmshirt Größe 86-92,"<img src=""https://i.ebayimg.com/00/s/MTYwMFgxMjAw/z/QhcAAOSwfl1gI5eF/$_2.JPG"" style=""max-height:124px;""></img>",5,Treptow,12487,https://www.ebay-kleinanzeigen.de/s-anzeige/peppa-wutz-kleid-und-langarmshirt-groesse-86-92/1663217416-22-3483
Mütze und Fäustlinge PEPPA PIG,"<img src=""https://i.ebayimg.com/00/s/MTYwMFgxMjAw/z/z30AAOSwL7xgIldQ/$_2.JPG"" style=""max-height:124px;""></img>",5,Zehlendorf,14167,https://www.ebay-kleinanzeigen.de/s-anzeige/muetze-und-faeustlinge-peppa-pig/1662381670-22-3526
"Peppa Pig Rock, Gr. 86 - 98","<img src=""https://i.ebayimg.com/00/s/MTYwMFgxMjAw/z/sn8AAOSwkp9gIk2v/$_2.JPG"" style=""max-height:124px;""></img>",3,Prenzlauer Berg,10435,https://www.ebay-kleinanzeigen.de/s-anzeige/peppa-pig-rock-gr-86-98/1662342452-22-3489
Peppa Wutz Pig Fingerpuppen,"<img src=""https://i.ebayimg.com/00/s/MTA2OVgxNjAw/z/6-sAAOSw1ZpgIYJF/$_2.JPG"" style=""max-height:124px;""></img>",2,Schöneberg,12157,https://www.ebay-kleinanzeigen.de/s-anzeige/peppa-wutz-pig-fingerpuppen/1662037533-23-9648
Peppa Wutz Magnetspiel,"<img src=""https://i.ebayimg.com/00/s/MTYwMFgxMjAw/z/5DcAAOSwQUFgIQ-M/$_2.JPG"" style=""max-height:124px;""></img>",4,Spandau,13585,https://www.ebay-kleinanzeigen.de/s-anzeige/peppa-wutz-magnetspiel/1661476542-23-3438
"4 Schlafanzüge Einteiler Größe 98/104 Elsa, Minnie Maus, Peppa","<img src=""https://i.ebayimg.com/00/s/MTIwMFgxNjAw/z/Tv0AAOSw3PlgI5oy/$_2.JPG"" style=""max-height:124px;""></img>",20,Treptow,12487,https://www.ebay-kleinanzeigen.de/s-anzeige/4-schlafanzuege-einteiler-groesse-98-104-elsa-minnie-maus-peppa/1661337675-22-3483
Peppa Wutz Sprechender George/Schorch mit Dino+Sound 33 cm,"<img src=""https://i.ebayimg.com/00/s/MTYwMFgxMjAw/z/V3wAAOSwQpZgIKeZ/$_2.JPG"" style=""max-height:124px;""></img>",13,Tempelhof,12101,https://www.ebay-kleinanzeigen.de/s-anzeige/peppa-wutz-sprechender-george-schorch-mit-dino-sound-33-cm/1661321697-23-3404
Peppa Wutz Puzzle 2x12,"<img src=""https://i.ebayimg.com/00/s/MTYwMFgxMjAw/z/dO8AAOSwqAFgICkW/$_2.JPG"" style=""max-height:124px;""></img>",4,Hohenschönhausen,13053,https://www.ebay-kleinanzeigen.de/s-anzeige/peppa-wutz-puzzle-2x12/1661015419-23-3357
Peppa wutz peppa pig schweinchen Plüschtier Mama wutz,"<img src=""https://i.ebayimg.com/00/s/MTYwMFgxMjAw/z/eF8AAOSw~Q9gIBCv/$_2.JPG"" style=""max-height:124px;""></img>",10,Mitte,10117,https://www.ebay-kleinanzeigen.de/s-anzeige/peppa-wutz-peppa-pig-schweinchen-plueschtier-mama-wutz/1660838030-23-3520
Peppa wutz Figuren mit Schatz,"<img src=""https://i.ebayimg.com/00/s/MTYwMFgxMjAw/z/q9IAAOSwappgH-bD/$_2.JPG"" style=""max-height:124px;""></img>",10,Neukölln,12347,https://www.ebay-kleinanzeigen.de/s-anzeige/peppa-wutz-figuren-mit-schatz/1660451842-23-3389
"Peppa Pig , Größe 98/104!","<img src=""https://i.ebayimg.com/00/s/ODkwWDE2MDA=/z/g4kAAOSwThxgH9ar/$_2.JPG"" style=""max-height:124px;""></img>",5,Pankow,13127,https://www.ebay-kleinanzeigen.de/s-anzeige/peppa-pig-groesse-98-104-/1660290882-22-3465
Kuscheltier Peppa Wutz Mama Wutz 35 cm,"<img src=""https://i.ebayimg.com/00/s/MTYwMFgxMjAw/z/A8wAAOSw2VtgH9GT/$_2.JPG"" style=""max-height:124px;""></img>",15,Hohenschönhausen,13055,https://www.ebay-kleinanzeigen.de/s-anzeige/kuscheltier-peppa-wutz-mama-wutz-35-cm/1660244807-23-3358
H&M Set Peppa Pig Wutz Leggings Tunika Shirt Gr. 92 98,"<img src=""https://i.ebayimg.com/00/s/MTYwMFgxMjAw/z/v2AAAOSwcL1gH8rL/$_2.JPG"" style=""max-height:124px;""></img>",8,Pankow,13127,https://www.ebay-kleinanzeigen.de/s-anzeige/h-m-set-peppa-pig-wutz-leggings-tunika-shirt-gr-92-98/1660183580-22-3465
Peppa Wutz Spiel,"<img src=""https://i.ebayimg.com/00/s/MTU2MlgxNjAw/z/TQcAAOSwAQJgH70P/$_2.JPG"" style=""max-height:124px;""></img>",3,Steglitz,12161,https://www.ebay-kleinanzeigen.de/s-anzeige/peppa-wutz-spiel/1660054912-23-3427
Figuren Peppa Wutz Pudding Ei Anhänger König Zaubertonie Tonie,"<img src=""https://i.ebayimg.com/00/s/MTIwMFgxNjAw/z/0gkAAOSwWixgH42r/$_2.JPG"" style=""max-height:124px;""></img>",1,Pankow,13187,https://www.ebay-kleinanzeigen.de/s-anzeige/figuren-peppa-wutz-pudding-ei-anhaenger-koenig-zaubertonie-tonie/1659862116-234-3473
Peppa Wutz Spiel Brettspiel,"<img src=""https://i.ebayimg.com/00/s/MTE1MVgxNjAw/z/Dk0AAOSwCt9gHnTa/$_2.JPG"" style=""max-height:124px;""></img>",7,Köpenick,12557,https://www.ebay-kleinanzeigen.de/s-anzeige/peppa-wutz-spiel-brettspiel/1658736228-23-3366
Peppa und George Kuscheltiere,"<img src=""https://i.ebayimg.com/00/s/MTIwMFgxNjAw/z/s-UAAOSw79BgHmhy/$_2.JPG"" style=""max-height:124px;""></img>",5,Hellersdorf,12629,https://www.ebay-kleinanzeigen.de/s-anzeige/peppa-und-george-kuscheltiere/1658633443-23-3515
Peppa Wutz Peppa Pig Pullover,"<img src=""https://i.ebayimg.com/00/s/MTYwMFg3Mzk=/z/TV8AAOSwY1FgHl90/$_2.JPG"" style=""max-height:124px;""></img>",4,Steglitz,12247,https://www.ebay-kleinanzeigen.de/s-anzeige/peppa-wutz-peppa-pig-pullover/1658577819-22-3424
Peppa und George Kuscheltiere Plüschtiere,"<img src=""https://i.ebayimg.com/00/s/MTYwMFgxMjAw/z/fU0AAOSwPnpgHbLF/$_2.JPG"" style=""max-height:124px;""></img>",13,Steglitz,12207,https://www.ebay-kleinanzeigen.de/s-anzeige/peppa-und-george-kuscheltiere-plueschtiere/1658351274-23-3418
Peppa Wutz Bücher + CD,"<img src=""https://i.ebayimg.com/00/s/MTIwMFgxNjAw/z/2YQAAOSwnXJgHasr/$_2.JPG"" style=""max-height:124px;""></img>",15,Reinickendorf,13469,https://www.ebay-kleinanzeigen.de/s-anzeige/peppa-wutz-buecher-cd/1658325812-76-3514
Peppa Wutz Buch,"<img src=""https://i.ebayimg.com/00/s/MTYwMFgxMjAw/z/XP4AAOSwUwVgHanx/$_2.JPG"" style=""max-height:124px;""></img>",3,Charlottenburg,10625,https://www.ebay-kleinanzeigen.de/s-anzeige/peppa-wutz-buch/1658320081-76-9662
Peppa Wutz Buch,"<img src=""https://i.ebayimg.com/00/s/MTYwMFgxMjAw/z/dk8AAOSwPWRgHakT/$_2.JPG"" style=""max-height:124px;""></img>",5,Zehlendorf,14129,https://www.ebay-kleinanzeigen.de/s-anzeige/peppa-wutz-buch/1658318077-76-9662
Peppa pig Peppa Wutz Heliumballon Luftballon Folienbllon,"<img src=""https://i.ebayimg.com/00/s/OTc4WDE2MDA=/z/vSwAAOSwBo9gHWcL/$_2.JPG"" style=""max-height:124px;""></img>",50,Hellersdorf,12623,https://www.ebay-kleinanzeigen.de/s-anzeige/peppa-pig-peppa-wutz-heliumballon-luftballon-folienbllon/1657998683-23-9676
Peppa Pig Kuscheltier,"<img src=""https://i.ebayimg.com/00/s/MTYwMFgxMjAw/z/tuAAAOSwd8RgHS7V/$_2.JPG"" style=""max-height:124px;""></img>",2,Charlottenburg,14059,https://www.ebay-kleinanzeigen.de/s-anzeige/peppa-pig-kuscheltier/1657689191-23-3527
Peppa Wutz,"<img src=""https://i.ebayimg.com/00/s/MTU2MlgxNjAw/z/GOQAAOSw-rlgHDS8/$_2.JPG"" style=""max-height:124px;""></img>",10,Wilmersdorf,10713,https://www.ebay-kleinanzeigen.de/s-anzeige/peppa-wutz/1657152402-23-3427
Peppa Wutz Buch,"<img src=""https://i.ebayimg.com/00/s/MTYwMFgxNjAw/z/UyoAAOSwK2xgHBIR/$_2.JPG"" style=""max-height:124px;""></img>",12,Reinickendorf,13503,https://www.ebay-kleinanzeigen.de/s-anzeige/peppa-wutz-buch/1656979145-76-3438
Peppa Pig Wutz Langarmshirt's Gr.110/116 H&M,"<img src=""https://i.ebayimg.com/00/s/NzIxWDE2MDA=/z/VOgAAOSwrg5gG~pq/$_2.JPG"" style=""max-height:124px;""></img>",100,Lichtenberg,10369,https://www.ebay-kleinanzeigen.de/s-anzeige/peppa-pig-wutz-langarmshirt-s-gr-110-116-h-m/1656868886-22-3358
Peppa wutz,"<img src=""https://i.ebayimg.com/00/s/MTIwMFgxNjAw/z/CJUAAOSwDVBgG8zL/$_2.JPG"" style=""max-height:124px;""></img>",10,Tempelhof,12107,https://www.ebay-kleinanzeigen.de/s-anzeige/peppa-wutz/1656647964-23-3499
Peppa Wutz Kleid 134/140 top,"<img src=""https://i.ebayimg.com/00/s/MTYwMFgxMjAw/z/ULQAAOSw25dgG73S/$_2.JPG"" style=""max-height:124px;""></img>",6,Marzahn,12681,https://www.ebay-kleinanzeigen.de/s-anzeige/peppa-wutz-kleid-134-140-top/1656579240-22-3466
H&m peppa wutz peppa pig langarmshirt pink 110/116,"<img src=""https://i.ebayimg.com/00/s/MTYwMFgxMjAw/z/qCEAAOSwVopgGqTb/$_2.JPG"" style=""max-height:124px;""></img>",9,Marzahn,12687,https://www.ebay-kleinanzeigen.de/s-anzeige/h-m-peppa-wutz-peppa-pig-langarmshirt-pink-110-116/1655825998-22-3383
Peppa Wutz Figuren,"<img src=""https://i.ebayimg.com/00/s/MTIwMFgxNjAw/z/-XgAAOSw1iVgGm07/$_2.JPG"" style=""max-height:124px;""></img>",30,Mitte,10969,https://www.ebay-kleinanzeigen.de/s-anzeige/peppa-wutz-figuren/1655539182-23-3357
NEU! Peppa Pig Familie mit Auto NEU!,"<img src=""https://i.ebayimg.com/00/s/MTYwMFg3Mzk=/z/gEIAAOSwLV1gGbu7/$_2.JPG"" style=""max-height:124px;""></img>",20,Tiergarten,10553,https://www.ebay-kleinanzeigen.de/s-anzeige/neu-peppa-pig-familie-mit-auto-neu-/1655316083-23-3494
Peppa Pig Koffer als Rucksack tragbar,"<img src=""https://i.ebayimg.com/00/s/MTYwMFgxMjAw/z/a00AAOSwqnVgGbTp/$_2.JPG"" style=""max-height:124px;""></img>",10,Tempelhof,12305,https://www.ebay-kleinanzeigen.de/s-anzeige/peppa-pig-koffer-als-rucksack-tragbar/1655291933-18-3407
Figuren Peppa Wutz Schlümpfe PJ Masks Drachen Dragons Pudding Ei,"<img src=""https://i.ebayimg.com/00/s/MTA3N1gxMDc4/z/17EAAOSwgLpgIkpl/$_2.JPG"" style=""max-height:124px;""></img>",,Pankow,13125,https://www.ebay-kleinanzeigen.de/s-anzeige/figuren-peppa-wutz-schluempfe-pj-masks-drachen-dragons-pudding-ei/1655073198-23-3473
Leo Lausemaus & Peppa Wutz,"<img src=""https://i.ebayimg.com/00/s/MTIwMFgxNjAw/z/z9UAAOSwzQxgGVAR/$_2.JPG"" style=""max-height:124px;""></img>",6,Marzahn,12685,https://www.ebay-kleinanzeigen.de/s-anzeige/leo-lausemaus-peppa-wutz/1654762558-76-3547
Peppa Pig Buch - wie neu,"<img src=""https://i.ebayimg.com/00/s/MTYwMFgxMjAw/z/ZigAAOSwD2dgGUM5/$_2.JPG"" style=""max-height:124px;""></img>",3,Weissensee,13086,https://www.ebay-kleinanzeigen.de/s-anzeige/peppa-pig-buch-wie-neu/1654692099-76-3433
Peppa Pig T-Shirt 98cm,"<img src=""https://i.ebayimg.com/00/s/MTIwMFgxNjAw/z/~K0AAOSw-5dgGTTz/$_2.JPG"" style=""max-height:124px;""></img>",1,Pankow,13187,https://www.ebay-kleinanzeigen.de/s-anzeige/peppa-pig-t-shirt-98cm/1654617866-22-3423
Buch Peppa Pig Vorlesegeschichten mit CD Hörspiel,"<img src=""https://i.ebayimg.com/00/s/MTYwMFg5MDA=/z/v-MAAOSwleJgGSVf/$_2.JPG"" style=""max-height:124px;""></img>",5,Charlottenburg,14059,https://www.ebay-kleinanzeigen.de/s-anzeige/buch-peppa-pig-vorlesegeschichten-mit-cd-hoerspiel/1654537269-76-3491
Peppa Wutz Familie,"<img src=""https://i.ebayimg.com/00/s/MTIwMFgxNjAw/z/FFMAAOSwxeNgF~3n/$_2.JPG"" style=""max-height:124px;""></img>",15,Mitte,10115,https://www.ebay-kleinanzeigen.de/s-anzeige/peppa-wutz-familie/1653700690-23-3374
"Kinderbücher Tabaluga, Eiskönigin (Frozen), Peppa Pig","<img src=""https://i.ebayimg.com/00/s/MTYwMFgxMjAw/z/IG8AAOSw1vFgF8he/$_2.JPG"" style=""max-height:124px;""></img>",,Tempelhof,12277,https://www.ebay-kleinanzeigen.de/s-anzeige/kinderbuecher-tabaluga-eiskoenigin-frozen-peppa-pig/1653420033-76-3433
Peppa paket,"<img src=""https://i.ebayimg.com/00/s/MTYwMFgxMjAw/z/o5AAAOSw5WdgFs0V/$_2.JPG"" style=""max-height:124px;""></img>",18,Mitte,10115,https://www.ebay-kleinanzeigen.de/s-anzeige/peppa-paket/1652726101-23-3438
Big Bobby Car Peppa pig pink,"<img src=""https://i.ebayimg.com/00/s/MTYwMFgxMjAw/z/AuUAAOSwbIlgFr09/$_2.JPG"" style=""max-height:124px;""></img>",3,Steglitz,12203,https://www.ebay-kleinanzeigen.de/s-anzeige/big-bobby-car-peppa-pig-pink/1652591253-23-9672
Puzzelbuch von Peppa Wutz,"<img src=""https://i.ebayimg.com/00/s/MTYwMFgxMjAw/z/MnwAAOSwRkNgFqma/$_2.JPG"" style=""max-height:124px;""></img>",3,Charlottenburg,13629,https://www.ebay-kleinanzeigen.de/s-anzeige/puzzelbuch-von-peppa-wutz/1652418204-23-3483
Würfelpuzzel 3+ Peppa Wutz Eichhorn Holz 12 Bausteine mit OVP,"<img src=""https://i.ebayimg.com/00/s/MTIwMFgxNjAw/z/XosAAOSw1YNgHHZC/$_2.JPG"" style=""max-height:124px;""></img>",3,Friedrichshain,10243,https://www.ebay-kleinanzeigen.de/s-anzeige/wuerfelpuzzel-3-peppa-wutz-eichhorn-holz-12-bausteine-mit-ovp/1651656257-23-3354
Peppa Pig Kinder Baby Bettwäsche Set *Sofort Versand*,"<img src=""https://i.ebayimg.com/00/s/MTYwMFgxMDk3/z/m40AAOSwJ1ZgFacI/$_2.JPG"" style=""max-height:124px;""></img>",70,Hellersdorf,12627,https://www.ebay-kleinanzeigen.de/s-anzeige/peppa-pig-kinder-baby-bettwaesche-set-sofort-versand-/1651601052-258-9668
Peppa Wutz Sammlung - nur komplett abzugeben,"<img src=""https://i.ebayimg.com/00/s/MTIwMFgxNjAw/z/trMAAOSwufNgFYk4/$_2.JPG"" style=""max-height:124px;""></img>",3,Pankow,13158,https://www.ebay-kleinanzeigen.de/s-anzeige/peppa-wutz-sammlung-nur-komplett-abzugeben/1651421461-23-9629
2er Set Kinder Rucksack klein von Peppa Wutz und hellblau von TCM,"<img src=""https://i.ebayimg.com/00/s/NzIwWDEwMjk=/z/M00AAOSwojRgFHDL/$_2.JPG"" style=""max-height:124px;""></img>",28,Gatow,14089,https://www.ebay-kleinanzeigen.de/s-anzeige/2er-set-kinder-rucksack-klein-von-peppa-wutz-und-hellblau-von-tcm/1650392924-18-9659
"Pixi Bücher ""Conni, Peppa Wutz, uvm""","<img src=""https://i.ebayimg.com/00/s/MTIwMFgxNjAw/z/eroAAOSw32BgE~l6/$_2.JPG"" style=""max-height:124px;""></img>",5,Lichtenberg,10319,https://www.ebay-kleinanzeigen.de/s-anzeige/pixi-buecher-conni-peppa-wutz-uvm-/1649785972-76-3435
Peppa Wutz Buch,"<img src=""https://i.ebayimg.com/00/s/MTYwMFgxMjAw/z/3d4AAOSwF9JgE97S/$_2.JPG"" style=""max-height:124px;""></img>",17,Neukölln,12057,https://www.ebay-kleinanzeigen.de/s-anzeige/peppa-wutz-buch/1649653346-76-3438
Verkaufe Peppa Pig Wanduhr,"<img src=""https://i.ebayimg.com/00/s/MTYwMFg5MDA=/z/fR8AAOSwrctgExVL/$_2.JPG"" style=""max-height:124px;""></img>",123456,Köpenick,12559,https://www.ebay-kleinanzeigen.de/s-anzeige/verkaufe-peppa-pig-wanduhr/1649347194-23-19394
Peppa Pig / Wutz Buch *neu*,"<img src=""https://i.ebayimg.com/00/s/OTg0WDczOQ==/z/r2UAAOSw3JpgEw2E/$_2.JPG"" style=""max-height:124px;""></img>",5,Spandau,13585,https://www.ebay-kleinanzeigen.de/s-anzeige/peppa-pig-wutz-buch-neu-/1649316374-76-3429
Duplo Lego  Steine Eisenbahn Dampflok Bauernhof Peppa Wutz,"<img src=""https://i.ebayimg.com/00/s/MTYwMFg3Nzg=/z/LxgAAOSw8gdgEmAF/$_2.JPG"" style=""max-height:124px;""></img>",5,Spandau,13585,https://www.ebay-kleinanzeigen.de/s-anzeige/duplo-lego-steine-eisenbahn-dampflok-bauernhof-peppa-wutz/1648553404-23-3426
Peppa Pig Wutz Fröhliche Vorlesegeschichten  Buch,"<img src=""https://i.ebayimg.com/00/s/MTYwMFgxMjAw/z/Kj8AAOSw1ZpgEcPU/$_2.JPG"" style=""max-height:124px;""></img>",20,Tempelhof,12099,https://www.ebay-kleinanzeigen.de/s-anzeige/peppa-pig-wutz-froehliche-vorlesegeschichten-buch/1648393361-76-3527
"Kompatible Lego Duplo Figuren Hello Kitty, Peppa  Wutz,  u.a.","<img src=""https://i.ebayimg.com/00/s/NzY4WDEwMjQ=/z/Xi4AAOSwqTVgEmsE/$_2.JPG"" style=""max-height:124px;""></img>",7,Spandau,13587,https://www.ebay-kleinanzeigen.de/s-anzeige/kompatible-lego-duplo-figuren-hello-kitty-peppa-wutz-u-a-/1648324136-23-3335
Peppa pig Peppa Wutz,"<img src=""https://i.ebayimg.com/00/s/MTA2NlgxNjAw/z/r9IAAOSwtRNgEa3v/$_2.JPG"" style=""max-height:124px;""></img>",,Steglitz,12247,https://www.ebay-kleinanzeigen.de/s-anzeige/peppa-pig-peppa-wutz/1648301235-23-9684
Mädchen T-schrt/pullover/Strickjacke 86-hellou kitty/peppa Pig,"<img src=""https://i.ebayimg.com/00/s/MTYwMFg5MDA=/z/UKEAAOSwBT1gEapG/$_2.JPG"" style=""max-height:124px;""></img>",2,Tempelhof,12103,https://www.ebay-kleinanzeigen.de/s-anzeige/maedchen-t-schrt-pullover-strickjacke-86-hellou-kitty-peppa-pig/1648288150-22-9632
Peppa Wutz kuscheltiere,"<img src=""https://i.ebayimg.com/00/s/MTIwMFgxNjAw/z/yoIAAOSwIwlgEaXn/$_2.JPG"" style=""max-height:124px;""></img>",4,Friedrichshain,10247,https://www.ebay-kleinanzeigen.de/s-anzeige/peppa-wutz-kuscheltiere/1648271145-23-9635
Leggins Gr.80/86 von H&M Mädchen Peppa Wutz,"<img src=""https://i.ebayimg.com/00/s/MTE4MFg4NzY=/z/dMYAAOSwr61gEZ-2/$_2.JPG"" style=""max-height:124px;""></img>",11,Neukölln,12351,https://www.ebay-kleinanzeigen.de/s-anzeige/leggins-gr-80-86-von-h-m-maedchen-peppa-wutz/1648237191-22-3358
"Peppa Pig Cute Kissenhülle , Kissenbezug *Sofort Versand*","<img src=""https://i.ebayimg.com/00/s/MTYwMFgxNjAw/z/fQIAAOSwJxBgDx9E/$_2.JPG"" style=""max-height:124px;""></img>",1,Tempelhof,12105,https://www.ebay-kleinanzeigen.de/s-anzeige/peppa-pig-cute-kissenhuelle-kissenbezug-sofort-versand-/1646455143-18-9668
"Peppa Pig Kissenbezug ,das perfekte Geschenk *Sofort Versand*","<img src=""https://i.ebayimg.com/00/s/MTYwMFgxNjAw/z/xZoAAOSwJ9hgDxoz/$_2.JPG"" style=""max-height:124px;""></img>",4,Neukölln,12059,https://www.ebay-kleinanzeigen.de/s-anzeige/peppa-pig-kissenbezug-das-perfekte-geschenk-sofort-versand-/1646434160-90-9668
Peppa Wutz Spiel ab 3,"<img src=""https://i.ebayimg.com/00/s/MTYwMFgxMjAw/z/AE4AAOSwatdgDq1Z/$_2.JPG"" style=""max-height:124px;""></img>",100,Hellersdorf,12619,https://www.ebay-kleinanzeigen.de/s-anzeige/peppa-wutz-spiel-ab-3/1645870035-23-3416
Neu TY Peppa Wutz George Schlüsselanhänger Plüsch Beanies,"<img src=""https://i.ebayimg.com/00/s/ODkyWDc3NQ==/z/g3sAAOSwWtFgDqin/$_2.JPG"" style=""max-height:124px;""></img>",15,Lichtenberg,10367,https://www.ebay-kleinanzeigen.de/s-anzeige/neu-ty-peppa-wutz-george-schluesselanhaenger-pluesch-beanies/1645843577-23-3438
Peppa Wutz/ Schorsch Cappy,"<img src=""https://i.ebayimg.com/00/s/MTYwMFgxMjAw/z/QmAAAOSwZehgDdXu/$_2.JPG"" style=""max-height:124px;""></img>",45,Kreuzberg,10967,https://www.ebay-kleinanzeigen.de/s-anzeige/peppa-wutz-schorsch-cappy/1645483375-22-3453
Sonnenhut Peppa Pig Mütze wie neu,"<img src=""https://i.ebayimg.com/00/s/MTIwMFgxNjAw/z/d9gAAOSwXyBgDcVj/$_2.JPG"" style=""max-height:124px;""></img>",3,Tempelhof,12105,https://www.ebay-kleinanzeigen.de/s-anzeige/sonnenhut-peppa-pig-muetze-wie-neu/1645393275-22-9664
Peppa Wutz Kuscheltier Stofftier 20cm,"<img src=""https://i.ebayimg.com/00/s/MTYwMFgxMjAw/z/lzYAAOSw71NgDamV/$_2.JPG"" style=""max-height:124px;""></img>",5,Tempelhof,12105,https://www.ebay-kleinanzeigen.de/s-anzeige/peppa-wutz-kuscheltier-stofftier-20cm/1645218029-23-9681
Peppa und George Stoffpuppen,"<img src=""https://i.ebayimg.com/00/s/MTU4OFgxNjAw/z/U88AAOSwbRhgDaRB/$_2.JPG"" style=""max-height:124px;""></img>",9,Steglitz,12203,https://www.ebay-kleinanzeigen.de/s-anzeige/peppa-und-george-stoffpuppen/1645182406-23-3470
Peppa wutz Mein mitmachbuch,"<img src=""https://i.ebayimg.com/00/s/MTYwMFgxMjAw/z/pBQAAOSws4dgDaOg/$_2.JPG"" style=""max-height:124px;""></img>",30,Spandau,13597,https://www.ebay-kleinanzeigen.de/s-anzeige/peppa-wutz-mein-mitmachbuch/1645171187-76-3437
"ZARA & H&M Mädchen Pullover,Peppa Wutz,Minnie Mouse & Snoopy","<img src=""https://i.ebayimg.com/00/s/MTIwMFgxNjAw/z/X7kAAOSwby9gDZBw/$_2.JPG"" style=""max-height:124px;""></img>",5,Steglitz,12165,https://www.ebay-kleinanzeigen.de/s-anzeige/zara-h-m-maedchen-pullover-peppa-wutz-minnie-mouse-snoopy/1645000129-22-3546
Kaufmannsladen und Theater Einkaufskorb Handpuppen Peppa Wutz,"<img src=""https://i.ebayimg.com/00/s/MTE5MFgxMjI0/z/cm8AAOSwHhlgDWAH/$_2.JPG"" style=""max-height:124px;""></img>",10,Hellersdorf,12627,https://www.ebay-kleinanzeigen.de/s-anzeige/kaufmannsladen-und-theater-einkaufskorb-handpuppen-peppa-wutz/1644527178-23-3512
"KINDER PePpa küche mit Hänger,Regale,Waschbecken,TellerständerUSW","<img src=""https://i.ebayimg.com/00/s/MTUyMFg3MjA=/z/UlkAAOSw6ZpgDV5a/$_2.JPG"" style=""max-height:124px;""></img>",4,Steglitz,14195,https://www.ebay-kleinanzeigen.de/s-anzeige/kinder-peppa-kueche-mit-haenger-regale-waschbecken-tellerstaenderusw/1644514894-23-3456
Vorlesegeschochten von Peppa Wutz,"<img src=""https://i.ebayimg.com/00/s/MTYwMFgxMjAw/z/y~UAAOSwMD1gDVON/$_2.JPG"" style=""max-height:124px;""></img>",4,Wilmersdorf,10707,https://www.ebay-kleinanzeigen.de/s-anzeige/vorlesegeschochten-von-peppa-wutz/1644404115-23-3342
Big Bloxx Sets Peppa Pig und Biene Maja,"<img src=""https://i.ebayimg.com/00/s/MTYwMFgxMjAw/z/Fi8AAOSwnZxgDTnt/$_2.JPG"" style=""max-height:124px;""></img>",25,Marzahn,12679,https://www.ebay-kleinanzeigen.de/s-anzeige/big-bloxx-sets-peppa-pig-und-biene-maja/1644197008-23-3530
Peppa Wutz Haus,"<img src=""https://i.ebayimg.com/00/s/MTYwMFgxMjAw/z/prQAAOSwZWJgDCyB/$_2.JPG"" style=""max-height:124px;""></img>",8,Neukölln,12353,https://www.ebay-kleinanzeigen.de/s-anzeige/peppa-wutz-haus/1643367403-23-3512
Peppa Wutz Pullover,"<img src=""https://i.ebayimg.com/00/s/MTIwMFgxNjAw/z/fasAAOSwdWJgDCuR/$_2.JPG"" style=""max-height:124px;""></img>",4,Neukölln,12349,https://www.ebay-kleinanzeigen.de/s-anzeige/peppa-wutz-pullover/1643361387-22-3335
"4 Figuren Set Peppa Wutz, Schwein Familie","<img src=""https://i.ebayimg.com/00/s/MTU5OFgxMTk4/z/CzEAAOSwnuhgC~jf/$_2.JPG"" style=""max-height:124px;""></img>",5,Wilmersdorf,10717,https://www.ebay-kleinanzeigen.de/s-anzeige/4-figuren-set-peppa-wutz-schwein-familie/1642923534-23-3536
Peppa Rucksack Kleinkind plus Kuscheltiere,"<img src=""https://i.ebayimg.com/00/s/MTEyNlgxNTgx/z/IqQAAOSwRkNgCzoA/$_2.JPG"" style=""max-height:124px;""></img>",10,Hohenschönhausen,13055,https://www.ebay-kleinanzeigen.de/s-anzeige/peppa-rucksack-kleinkind-plus-kuscheltiere/1642595128-23-3451
Peppa Pig Spielset,"<img src=""https://i.ebayimg.com/00/s/NjAwWDYwMA==/z/Ft4AAOSwWHtgCy0w/$_2.JPG"" style=""max-height:124px;""></img>",18,Treptow,12526,https://www.ebay-kleinanzeigen.de/s-anzeige/peppa-pig-spielset/1642547233-23-3546
Peppa Wutz Kinder Bademantel 100-120cm Größe,"<img src=""https://i.ebayimg.com/00/s/MTYwMFgxMjAw/z/VkgAAOSwd1RgCqGB/$_2.JPG"" style=""max-height:124px;""></img>",5,Neukölln,12057,https://www.ebay-kleinanzeigen.de/s-anzeige/peppa-wutz-kinder-bademantel-100-120cm-groesse/1641836117-22-3407
Peppa Wutz Pig Buch VORLESEGESCHICHTEN mit CD + BILDERWÖRTERBUCH,"<img src=""https://i.ebayimg.com/00/s/OTk2WDE0Nzk=/z/f2cAAOSwvO5gCoiL/$_2.JPG"" style=""max-height:124px;""></img>",4,Spandau,13589,https://www.ebay-kleinanzeigen.de/s-anzeige/peppa-wutz-pig-buch-vorlesegeschichten-mit-cd-bilderwoerterbuch/1641750580-18-3380
Peppa Wutz Knete Set,"<img src=""https://i.ebayimg.com/00/s/MTYwMFgxMjAw/z/8swAAOSwKT1gCbAt/$_2.JPG"" style=""max-height:124px;""></img>",1,Wilmersdorf,14197,https://www.ebay-kleinanzeigen.de/s-anzeige/peppa-wutz-knete-set/1641363501-23-3382
LEXIBOOK Peppa Wutz CD Player,"<img src=""https://i.ebayimg.com/00/s/MTIwMFgxNjAw/z/9s8AAOSwOqtgCUb8/$_2.JPG"" style=""max-height:124px;""></img>",12,Zehlendorf,14167,https://www.ebay-kleinanzeigen.de/s-anzeige/lexibook-peppa-wutz-cd-player/1640851106-172-3523
Kleidungspaket Mädchen Gr.92/98 England Mode Peppa wutz,"<img src=""https://i.ebayimg.com/00/s/ODQxWDE2MDA=/z/KjsAAOSwfjRgCDx1/$_2.JPG"" style=""max-height:124px;""></img>",40,Spandau,13593,https://www.ebay-kleinanzeigen.de/s-anzeige/kleidungspaket-maedchen-gr-92-98-england-mode-peppa-wutz/1640240017-22-9663
NEU Peppa Wutz George Schorsch Pig Rucksack,"<img src=""https://i.ebayimg.com/00/s/MTYwMFgxMjAw/z/QL8AAOSwNFpgCAU3/$_2.JPG"" style=""max-height:124px;""></img>",1,Lichtenberg,10319,https://www.ebay-kleinanzeigen.de/s-anzeige/neu-peppa-wutz-george-schorsch-pig-rucksack/1639970553-18-3410
Peppa Pig Kasse,"<img src=""https://i.ebayimg.com/00/s/MTYwMFgxMjAw/z/jb4AAOSwZ1pgB~ca/$_2.JPG"" style=""max-height:124px;""></img>",5,Zehlendorf,14163,https://www.ebay-kleinanzeigen.de/s-anzeige/peppa-pig-kasse/1639909924-23-3466
peppa wutz pig kuscheltier fee elfe,"<img src=""https://i.ebayimg.com/00/s/MTYwMFgxMjAw/z/YGAAAOSwH7hgBwcJ/$_2.JPG"" style=""max-height:124px;""></img>",3,Zehlendorf,14163,https://www.ebay-kleinanzeigen.de/s-anzeige/peppa-wutz-pig-kuscheltier-fee-elfe/1639428019-23-3384
Buch Peppa Wutz lustige 5 Minuten Geschichten,"<img src=""https://i.ebayimg.com/00/s/MTYwMFgxMjAw/z/~88AAOSwoBlgBv5x/$_2.JPG"" style=""max-height:124px;""></img>",6,Reinickendorf,13435,https://www.ebay-kleinanzeigen.de/s-anzeige/buch-peppa-wutz-lustige-5-minuten-geschichten/1639381016-76-3478
Figuren Peppa Wutz PJ Masks Dragons Schlümpfe Pudding Eier Drache,"<img src=""https://i.ebayimg.com/00/s/MTAyM1gxMDI0/z/LxIAAOSw5P1gIkqM/$_2.JPG"" style=""max-height:124px;""></img>",10,Spandau,13585,https://www.ebay-kleinanzeigen.de/s-anzeige/figuren-peppa-wutz-pj-masks-dragons-schluempfe-pudding-eier-drache/1638634898-23-3473
Peppa Wutz Figuren,"<img src=""https://i.ebayimg.com/00/s/MTIwMFgxNjAw/z/Y2AAAOSwEoRgBHFW/$_2.JPG"" style=""max-height:124px;""></img>",4,Steglitz,12203,https://www.ebay-kleinanzeigen.de/s-anzeige/peppa-wutz-figuren/1637486738-23-3335
"Peppa Pig Strandtuch, Badetuch, Handtuch *Sofort Versand*","<img src=""https://i.ebayimg.com/00/s/MTYwMFg4MDA=/z/wEEAAOSwDJxgBCJL/$_2.JPG"" style=""max-height:124px;""></img>",20,Friedenau,12161,https://www.ebay-kleinanzeigen.de/s-anzeige/peppa-pig-strandtuch-badetuch-handtuch-sofort-versand-/1636808457-18-9668
"Figuren Paw Patrol, Schlümpfe, Peppa Wutz","<img src=""https://i.ebayimg.com/00/s/MTIwMFgxNjAw/z/VIsAAOSwxWZgBCgL/$_2.JPG"" style=""max-height:124px;""></img>",4,Weissensee,13088,https://www.ebay-kleinanzeigen.de/s-anzeige/figuren-paw-patrol-schluempfe-peppa-wutz/1636861611-23-3413
Peppa Pig Kinder Bettwäsche 2tlg *Sofort Versand*,"<img src=""https://i.ebayimg.com/00/s/MTYwMFgxMDk3/z/i3AAAOSwZ5VgBAOv/$_2.JPG"" style=""max-height:124px;""></img>",30,Wilmersdorf,10779,https://www.ebay-kleinanzeigen.de/s-anzeige/peppa-pig-kinder-bettwaesche-2tlg-sofort-versand-/1636567823-20-9668
Peppa Shirts Größe 98/104,"<img src=""https://i.ebayimg.com/00/s/MTIwMFgxNjAw/z/~kUAAOSwGbhgAzz8/$_2.JPG"" style=""max-height:124px;""></img>",,Pankow,13189,https://www.ebay-kleinanzeigen.de/s-anzeige/peppa-shirts-groesse-98-104/1636241054-22-3416
Peppa Pig Wimmelbuch,"<img src=""https://i.ebayimg.com/00/s/MTYwMFgxMjAw/z/vNsAAOSwP2NgAuWh/$_2.JPG"" style=""max-height:124px;""></img>",4,Steglitz,12203,https://www.ebay-kleinanzeigen.de/s-anzeige/peppa-pig-wimmelbuch/1635643767-76-3334
Peppa Wutz,"<img src=""https://i.ebayimg.com/00/s/MTIwMFgxNjAw/z/t2YAAOSw6GZgAh4q/$_2.JPG"" style=""max-height:124px;""></img>",2,Hohenschönhausen,13051,https://www.ebay-kleinanzeigen.de/s-anzeige/peppa-wutz/1635093430-22-3354
